,time,n,max_iter,library,version,np_version
0,0.00023146299999954323,1000,100,tensorflow-eager,2.2.0,1.19.0
1,7.353999999182292e-06,1000,100,tensorflow-eager,2.2.0,1.19.0
2,2.7780000007027184e-06,1000,100,tensorflow-eager,2.2.0,1.19.0
3,2.3880000004083968e-06,1000,100,tensorflow-eager,2.2.0,1.19.0
4,2.283000000602442e-06,1000,100,tensorflow-eager,2.2.0,1.19.0
5,2.2240000001616522e-06,1000,100,tensorflow-eager,2.2.0,1.19.0
6,3.489000000023168e-06,1000,100,tensorflow-eager,2.2.0,1.19.0
7,2.480000000026905e-06,1000,100,tensorflow-eager,2.2.0,1.19.0
8,2.362000000033504e-06,1000,100,tensorflow-eager,2.2.0,1.19.0
9,2.266000000084034e-06,1000,100,tensorflow-eager,2.2.0,1.19.0
10,2.269999999526817e-06,1000,100,tensorflow-eager,2.2.0,1.19.0
11,2.2520000007020258e-06,1000,100,tensorflow-eager,2.2.0,1.19.0
12,2.2700000004149956e-06,1000,100,tensorflow-eager,2.2.0,1.19.0
13,2.1989999998695e-06,1000,100,tensorflow-eager,2.2.0,1.19.0
14,2.2849999998797443e-06,1000,100,tensorflow-eager,2.2.0,1.19.0
15,2.3210000001938624e-06,1000,100,tensorflow-eager,2.2.0,1.19.0
16,2.7526999999416546e-05,1000,100,tensorflow-eager,2.2.0,1.19.0
17,5.5459999996898546e-06,1000,100,tensorflow-eager,2.2.0,1.19.0
18,4.087000000652097e-06,1000,100,tensorflow-eager,2.2.0,1.19.0
19,4.353999999651137e-06,1000,100,tensorflow-eager,2.2.0,1.19.0
20,2.606999999876791e-06,1000,100,tensorflow-eager,2.2.0,1.19.0
21,2.3420000001550534e-06,1000,100,tensorflow-eager,2.2.0,1.19.0
22,3.8199999998767e-06,1000,100,tensorflow-eager,2.2.0,1.19.0
23,2.1718999999364996e-05,1000,100,tensorflow-eager,2.2.0,1.19.0
24,4.706000000354038e-06,1000,100,tensorflow-eager,2.2.0,1.19.0
25,2.5079999996791003e-06,1000,100,tensorflow-eager,2.2.0,1.19.0
26,2.9750000001271815e-06,1000,100,tensorflow-eager,2.2.0,1.19.0
27,2.841999999780853e-06,1000,100,tensorflow-eager,2.2.0,1.19.0
28,2.3039999996754545e-06,1000,100,tensorflow-eager,2.2.0,1.19.0
29,2.2980000000671907e-06,1000,100,tensorflow-eager,2.2.0,1.19.0
30,2.2169999995824696e-06,1000,100,tensorflow-eager,2.2.0,1.19.0
31,2.2769999992178214e-06,1000,100,tensorflow-eager,2.2.0,1.19.0
32,2.2199999998306907e-06,1000,100,tensorflow-eager,2.2.0,1.19.0
33,2.2729999997750383e-06,1000,100,tensorflow-eager,2.2.0,1.19.0
34,2.2250000002443926e-06,1000,100,tensorflow-eager,2.2.0,1.19.0
35,2.3020000003981522e-06,1000,100,tensorflow-eager,2.2.0,1.19.0
36,2.253999999979328e-06,1000,100,tensorflow-eager,2.2.0,1.19.0
37,8.219000000586618e-06,1000,100,tensorflow-eager,2.2.0,1.19.0
38,2.7730000002890165e-06,1000,100,tensorflow-eager,2.2.0,1.19.0
39,2.3279999998848666e-06,1000,100,tensorflow-eager,2.2.0,1.19.0
40,2.266000000084034e-06,1000,100,tensorflow-eager,2.2.0,1.19.0
41,2.184000000404751e-06,1000,100,tensorflow-eager,2.2.0,1.19.0
42,2.250999999731107e-06,1000,100,tensorflow-eager,2.2.0,1.19.0
43,2.283999999797004e-06,1000,100,tensorflow-eager,2.2.0,1.19.0
44,2.480000000026905e-06,1000,100,tensorflow-eager,2.2.0,1.19.0
45,2.2939999997362293e-06,1000,100,tensorflow-eager,2.2.0,1.19.0
46,2.2240000001616522e-06,1000,100,tensorflow-eager,2.2.0,1.19.0
47,2.184000000404751e-06,1000,100,tensorflow-eager,2.2.0,1.19.0
48,2.3020000003981522e-06,1000,100,tensorflow-eager,2.2.0,1.19.0
49,2.2489999995656262e-06,1000,100,tensorflow-eager,2.2.0,1.19.0
50,2.223000000078912e-06,1000,100,tensorflow-eager,2.2.0,1.19.0
51,2.2199999998306907e-06,1000,100,tensorflow-eager,2.2.0,1.19.0
52,2.2040000002832016e-06,1000,100,tensorflow-eager,2.2.0,1.19.0
53,2.229999999769916e-06,1000,100,tensorflow-eager,2.2.0,1.19.0
54,2.2319999999353968e-06,1000,100,tensorflow-eager,2.2.0,1.19.0
55,2.2289999996871757e-06,1000,100,tensorflow-eager,2.2.0,1.19.0
56,2.1800000000737896e-06,1000,100,tensorflow-eager,2.2.0,1.19.0
57,2.241999999874622e-06,1000,100,tensorflow-eager,2.2.0,1.19.0
58,2.2760000000232594e-06,1000,100,tensorflow-eager,2.2.0,1.19.0
59,2.2519999998138474e-06,1000,100,tensorflow-eager,2.2.0,1.19.0
60,2.212000000056946e-06,1000,100,tensorflow-eager,2.2.0,1.19.0
61,2.2370000003490986e-06,1000,100,tensorflow-eager,2.2.0,1.19.0
62,2.2319999999353968e-06,1000,100,tensorflow-eager,2.2.0,1.19.0
63,2.299999999344493e-06,1000,100,tensorflow-eager,2.2.0,1.19.0
64,2.2270000004098733e-06,1000,100,tensorflow-eager,2.2.0,1.19.0
65,2.3399999999895726e-06,1000,100,tensorflow-eager,2.2.0,1.19.0
66,2.250000000536545e-06,1000,100,tensorflow-eager,2.2.0,1.19.0
67,2.196999999704019e-06,1000,100,tensorflow-eager,2.2.0,1.19.0
68,2.283000000602442e-06,1000,100,tensorflow-eager,2.2.0,1.19.0
69,2.290000000293446e-06,1000,100,tensorflow-eager,2.2.0,1.19.0
70,2.2609999996703323e-06,1000,100,tensorflow-eager,2.2.0,1.19.0
71,2.2569999993393708e-06,1000,100,tensorflow-eager,2.2.0,1.19.0
72,2.494000000297092e-06,1000,100,tensorflow-eager,2.2.0,1.19.0
73,2.304000000563633e-06,1000,100,tensorflow-eager,2.2.0,1.19.0
74,2.2069999996432443e-06,1000,100,tensorflow-eager,2.2.0,1.19.0
75,2.2400000005973197e-06,1000,100,tensorflow-eager,2.2.0,1.19.0
76,2.244000000040103e-06,1000,100,tensorflow-eager,2.2.0,1.19.0
77,2.2580000003102896e-06,1000,100,tensorflow-eager,2.2.0,1.19.0
78,2.245000000122843e-06,1000,100,tensorflow-eager,2.2.0,1.19.0
79,2.269999999526817e-06,1000,100,tensorflow-eager,2.2.0,1.19.0
80,2.210999999974206e-06,1000,100,tensorflow-eager,2.2.0,1.19.0
81,2.2279999996044353e-06,1000,100,tensorflow-eager,2.2.0,1.19.0
82,2.2069999996432443e-06,1000,100,tensorflow-eager,2.2.0,1.19.0
83,2.3330000002985685e-06,1000,100,tensorflow-eager,2.2.0,1.19.0
84,2.2639999999185534e-06,1000,100,tensorflow-eager,2.2.0,1.19.0
85,2.253999999979328e-06,1000,100,tensorflow-eager,2.2.0,1.19.0
86,2.2390000005145794e-06,1000,100,tensorflow-eager,2.2.0,1.19.0
87,2.2390000005145794e-06,1000,100,tensorflow-eager,2.2.0,1.19.0
88,2.2169999995824696e-06,1000,100,tensorflow-eager,2.2.0,1.19.0
89,2.2609999996703323e-06,1000,100,tensorflow-eager,2.2.0,1.19.0
90,2.2729999997750383e-06,1000,100,tensorflow-eager,2.2.0,1.19.0
91,2.2499999996483666e-06,1000,100,tensorflow-eager,2.2.0,1.19.0
92,2.2370000003490986e-06,1000,100,tensorflow-eager,2.2.0,1.19.0
93,2.2460000002055835e-06,1000,100,tensorflow-eager,2.2.0,1.19.0
94,2.208000000614163e-06,1000,100,tensorflow-eager,2.2.0,1.19.0
95,2.482999999386948e-06,1000,100,tensorflow-eager,2.2.0,1.19.0
96,2.347999999763317e-06,1000,100,tensorflow-eager,2.2.0,1.19.0
97,2.2880000001279654e-06,1000,100,tensorflow-eager,2.2.0,1.19.0
98,2.2739999998577787e-06,1000,100,tensorflow-eager,2.2.0,1.19.0
99,2.268000000249515e-06,1000,100,tensorflow-eager,2.2.0,1.19.0
100,3.3317999999837866e-05,2782,100,tensorflow-eager,2.2.0,1.19.0
101,7.3689999995352196e-06,2782,100,tensorflow-eager,2.2.0,1.19.0
102,4.51499999964966e-06,2782,100,tensorflow-eager,2.2.0,1.19.0
103,3.148000000230411e-06,2782,100,tensorflow-eager,2.2.0,1.19.0
104,2.9789999995699645e-06,2782,100,tensorflow-eager,2.2.0,1.19.0
105,2.979000000458143e-06,2782,100,tensorflow-eager,2.2.0,1.19.0
106,3.2739999999975566e-06,2782,100,tensorflow-eager,2.2.0,1.19.0
107,3.0269999999887887e-06,2782,100,tensorflow-eager,2.2.0,1.19.0
108,2.958999999691514e-06,2782,100,tensorflow-eager,2.2.0,1.19.0
109,2.897999999973422e-06,2782,100,tensorflow-eager,2.2.0,1.19.0
110,3.91799999999165e-06,2782,100,tensorflow-eager,2.2.0,1.19.0
111,4.896000000087497e-06,2782,100,tensorflow-eager,2.2.0,1.19.0
112,4.854000000165115e-06,2782,100,tensorflow-eager,2.2.0,1.19.0
113,4.983000000180482e-06,2782,100,tensorflow-eager,2.2.0,1.19.0
114,4.718999999653306e-06,2782,100,tensorflow-eager,2.2.0,1.19.0
115,4.697999999692115e-06,2782,100,tensorflow-eager,2.2.0,1.19.0
116,4.663000000348916e-06,2782,100,tensorflow-eager,2.2.0,1.19.0
117,4.883000000788229e-06,2782,100,tensorflow-eager,2.2.0,1.19.0
118,5.666999999931477e-06,2782,100,tensorflow-eager,2.2.0,1.19.0
119,4.468999999396317e-06,2782,100,tensorflow-eager,2.2.0,1.19.0
120,4.465999999148096e-06,2782,100,tensorflow-eager,2.2.0,1.19.0
121,4.537999999776332e-06,2782,100,tensorflow-eager,2.2.0,1.19.0
122,4.823000000264699e-06,2782,100,tensorflow-eager,2.2.0,1.19.0
123,4.623999999786577e-06,2782,100,tensorflow-eager,2.2.0,1.19.0
124,4.2709999998891135e-06,2782,100,tensorflow-eager,2.2.0,1.19.0
125,4.659000000017954e-06,2782,100,tensorflow-eager,2.2.0,1.19.0
126,6.128999999965856e-06,2782,100,tensorflow-eager,2.2.0,1.19.0
127,4.745000000028199e-06,2782,100,tensorflow-eager,2.2.0,1.19.0
128,4.5710000007304075e-06,2782,100,tensorflow-eager,2.2.0,1.19.0
129,3.43499999999608e-06,2782,100,tensorflow-eager,2.2.0,1.19.0
130,2.976000000209922e-06,2782,100,tensorflow-eager,2.2.0,1.19.0
131,2.8409999996981128e-06,2782,100,tensorflow-eager,2.2.0,1.19.0
132,2.8729999996812694e-06,2782,100,tensorflow-eager,2.2.0,1.19.0
133,2.795000000332948e-06,2782,100,tensorflow-eager,2.2.0,1.19.0
134,2.9059999997471664e-06,2782,100,tensorflow-eager,2.2.0,1.19.0
135,2.8240000000678833e-06,2782,100,tensorflow-eager,2.2.0,1.19.0
136,2.8679999992675675e-06,2782,100,tensorflow-eager,2.2.0,1.19.0
137,2.786000000476463e-06,2782,100,tensorflow-eager,2.2.0,1.19.0
138,2.79699999961025e-06,2782,100,tensorflow-eager,2.2.0,1.19.0
139,2.7710000001235358e-06,2782,100,tensorflow-eager,2.2.0,1.19.0
140,2.847000000194555e-06,2782,100,tensorflow-eager,2.2.0,1.19.0
141,3.1439999998994494e-06,2782,100,tensorflow-eager,2.2.0,1.19.0
142,3.3339999996329084e-06,2782,100,tensorflow-eager,2.2.0,1.19.0
143,3.937999999870101e-06,2782,100,tensorflow-eager,2.2.0,1.19.0
144,2.9809999997354453e-06,2782,100,tensorflow-eager,2.2.0,1.19.0
145,2.840000000503551e-06,2782,100,tensorflow-eager,2.2.0,1.19.0
146,4.714000000127783e-06,2782,100,tensorflow-eager,2.2.0,1.19.0
147,5.896000000227275e-06,2782,100,tensorflow-eager,2.2.0,1.19.0
148,5.6239999999263546e-06,2782,100,tensorflow-eager,2.2.0,1.19.0
149,4.425000000196633e-06,2782,100,tensorflow-eager,2.2.0,1.19.0
150,4.45800000026253e-06,2782,100,tensorflow-eager,2.2.0,1.19.0
151,4.421999999948412e-06,2782,100,tensorflow-eager,2.2.0,1.19.0
152,4.407999999678225e-06,2782,100,tensorflow-eager,2.2.0,1.19.0
153,5.751999999858981e-06,2782,100,tensorflow-eager,2.2.0,1.19.0
154,4.501999999462214e-06,2782,100,tensorflow-eager,2.2.0,1.19.0
155,4.885000000065531e-06,2782,100,tensorflow-eager,2.2.0,1.19.0
156,4.5879999994724585e-06,2782,100,tensorflow-eager,2.2.0,1.19.0
157,4.443999999992343e-06,2782,100,tensorflow-eager,2.2.0,1.19.0
158,4.560999999903004e-06,2782,100,tensorflow-eager,2.2.0,1.19.0
159,4.545000000355515e-06,2782,100,tensorflow-eager,2.2.0,1.19.0
160,4.547000000520995e-06,2782,100,tensorflow-eager,2.2.0,1.19.0
161,8.753000000361055e-06,2782,100,tensorflow-eager,2.2.0,1.19.0
162,5.2049999998970975e-06,2782,100,tensorflow-eager,2.2.0,1.19.0
163,4.600000000465343e-06,2782,100,tensorflow-eager,2.2.0,1.19.0
164,4.779000000176836e-06,2782,100,tensorflow-eager,2.2.0,1.19.0
165,4.402000000069961e-06,2782,100,tensorflow-eager,2.2.0,1.19.0
166,4.506000000681354e-06,2782,100,tensorflow-eager,2.2.0,1.19.0
167,4.429999999722156e-06,2782,100,tensorflow-eager,2.2.0,1.19.0
168,6.005999999558753e-06,2782,100,tensorflow-eager,2.2.0,1.19.0
169,4.892000000644714e-06,2782,100,tensorflow-eager,2.2.0,1.19.0
170,6.586000000474712e-06,2782,100,tensorflow-eager,2.2.0,1.19.0
171,4.742999999862718e-06,2782,100,tensorflow-eager,2.2.0,1.19.0
172,4.510000000124137e-06,2782,100,tensorflow-eager,2.2.0,1.19.0
173,4.106999999642369e-06,2782,100,tensorflow-eager,2.2.0,1.19.0
174,4.143999999151049e-06,2782,100,tensorflow-eager,2.2.0,1.19.0
175,4.353000000456575e-06,2782,100,tensorflow-eager,2.2.0,1.19.0
176,3.115999999359076e-06,2782,100,tensorflow-eager,2.2.0,1.19.0
177,3.932999999456399e-06,2782,100,tensorflow-eager,2.2.0,1.19.0
178,3.522000000089065e-06,2782,100,tensorflow-eager,2.2.0,1.19.0
179,4.716000000293263e-06,2782,100,tensorflow-eager,2.2.0,1.19.0
180,4.660000000100695e-06,2782,100,tensorflow-eager,2.2.0,1.19.0
181,4.754999999967424e-06,2782,100,tensorflow-eager,2.2.0,1.19.0
182,4.699999999857596e-06,2782,100,tensorflow-eager,2.2.0,1.19.0
183,4.8790000004572676e-06,2782,100,tensorflow-eager,2.2.0,1.19.0
184,4.716000000293263e-06,2782,100,tensorflow-eager,2.2.0,1.19.0
185,4.426999999473935e-06,2782,100,tensorflow-eager,2.2.0,1.19.0
186,4.4639999998707935e-06,2782,100,tensorflow-eager,2.2.0,1.19.0
187,4.740999999697237e-06,2782,100,tensorflow-eager,2.2.0,1.19.0
188,3.958999999831292e-06,2782,100,tensorflow-eager,2.2.0,1.19.0
189,4.26600000036359e-06,2782,100,tensorflow-eager,2.2.0,1.19.0
190,3.829999999815925e-06,2782,100,tensorflow-eager,2.2.0,1.19.0
191,3.0429999995362778e-06,2782,100,tensorflow-eager,2.2.0,1.19.0
192,2.9839999999836664e-06,2782,100,tensorflow-eager,2.2.0,1.19.0
193,2.883999999703235e-06,2782,100,tensorflow-eager,2.2.0,1.19.0
194,3.0060000000275977e-06,2782,100,tensorflow-eager,2.2.0,1.19.0
195,5.4309999999446745e-06,2782,100,tensorflow-eager,2.2.0,1.19.0
196,3.6139999997075734e-06,2782,100,tensorflow-eager,2.2.0,1.19.0
197,4.597000000217122e-06,2782,100,tensorflow-eager,2.2.0,1.19.0
198,3.0930000001205826e-06,2782,100,tensorflow-eager,2.2.0,1.19.0
199,3.245999999457183e-06,2782,100,tensorflow-eager,2.2.0,1.19.0
200,1.5637999999817964e-05,7742,100,tensorflow-eager,2.2.0,1.19.0
201,9.719999999546758e-06,7742,100,tensorflow-eager,2.2.0,1.19.0
202,7.592999999417316e-06,7742,100,tensorflow-eager,2.2.0,1.19.0
203,7.4970000003560244e-06,7742,100,tensorflow-eager,2.2.0,1.19.0
204,6.436999999692716e-06,7742,100,tensorflow-eager,2.2.0,1.19.0
205,6.362999999787178e-06,7742,100,tensorflow-eager,2.2.0,1.19.0
206,6.21299999981062e-06,7742,100,tensorflow-eager,2.2.0,1.19.0
207,6.242999999628296e-06,7742,100,tensorflow-eager,2.2.0,1.19.0
208,6.11699999986115e-06,7742,100,tensorflow-eager,2.2.0,1.19.0
209,6.242000000433734e-06,7742,100,tensorflow-eager,2.2.0,1.19.0
210,6.725999999623866e-06,7742,100,tensorflow-eager,2.2.0,1.19.0
211,6.3770000000573646e-06,7742,100,tensorflow-eager,2.2.0,1.19.0
212,6.2170000001415815e-06,7742,100,tensorflow-eager,2.2.0,1.19.0
213,6.284000000356116e-06,7742,100,tensorflow-eager,2.2.0,1.19.0
214,7.2419999996853335e-06,7742,100,tensorflow-eager,2.2.0,1.19.0
215,7.29700000068334e-06,7742,100,tensorflow-eager,2.2.0,1.19.0
216,7.266000000782924e-06,7742,100,tensorflow-eager,2.2.0,1.19.0
217,6.346000000156948e-06,7742,100,tensorflow-eager,2.2.0,1.19.0
218,6.356000000096174e-06,7742,100,tensorflow-eager,2.2.0,1.19.0
219,4.8469999995859325e-06,7742,100,tensorflow-eager,2.2.0,1.19.0
220,7.539000000278406e-06,7742,100,tensorflow-eager,2.2.0,1.19.0
221,7.08199999976955e-06,7742,100,tensorflow-eager,2.2.0,1.19.0
222,7.111999999587226e-06,7742,100,tensorflow-eager,2.2.0,1.19.0
223,7.164999999531574e-06,7742,100,tensorflow-eager,2.2.0,1.19.0
224,7.357999999513254e-06,7742,100,tensorflow-eager,2.2.0,1.19.0
225,6.897999999644355e-06,7742,100,tensorflow-eager,2.2.0,1.19.0
226,7.540999999555709e-06,7742,100,tensorflow-eager,2.2.0,1.19.0
227,7.63899999967066e-06,7742,100,tensorflow-eager,2.2.0,1.19.0
228,1.2068000000198253e-05,7742,100,tensorflow-eager,2.2.0,1.19.0
229,1.6429000000428573e-05,7742,100,tensorflow-eager,2.2.0,1.19.0
230,1.011099999992382e-05,7742,100,tensorflow-eager,2.2.0,1.19.0
231,7.571000000261563e-06,7742,100,tensorflow-eager,2.2.0,1.19.0
232,6.5549999996861175e-06,7742,100,tensorflow-eager,2.2.0,1.19.0
233,7.706999999967934e-06,7742,100,tensorflow-eager,2.2.0,1.19.0
234,7.405999999932078e-06,7742,100,tensorflow-eager,2.2.0,1.19.0
235,7.021000000051458e-06,7742,100,tensorflow-eager,2.2.0,1.19.0
236,7.021000000051458e-06,7742,100,tensorflow-eager,2.2.0,1.19.0
237,7.360000000566913e-06,7742,100,tensorflow-eager,2.2.0,1.19.0
238,7.393999999827372e-06,7742,100,tensorflow-eager,2.2.0,1.19.0
239,7.137999999962119e-06,7742,100,tensorflow-eager,2.2.0,1.19.0
240,7.602999999356541e-06,7742,100,tensorflow-eager,2.2.0,1.19.0
241,7.5469999991639725e-06,7742,100,tensorflow-eager,2.2.0,1.19.0
242,7.338999999717544e-06,7742,100,tensorflow-eager,2.2.0,1.19.0
243,7.23600000007707e-06,7742,100,tensorflow-eager,2.2.0,1.19.0
244,1.7088999999970156e-05,7742,100,tensorflow-eager,2.2.0,1.19.0
245,1.842999999990269e-05,7742,100,tensorflow-eager,2.2.0,1.19.0
246,1.3832999999685569e-05,7742,100,tensorflow-eager,2.2.0,1.19.0
247,8.97399999999493e-06,7742,100,tensorflow-eager,2.2.0,1.19.0
248,9.293999999826497e-06,7742,100,tensorflow-eager,2.2.0,1.19.0
249,1.3015999999588246e-05,7742,100,tensorflow-eager,2.2.0,1.19.0
250,1.0548999999748787e-05,7742,100,tensorflow-eager,2.2.0,1.19.0
251,7.646999999444404e-06,7742,100,tensorflow-eager,2.2.0,1.19.0
252,6.347000000239689e-06,7742,100,tensorflow-eager,2.2.0,1.19.0
253,6.224999999915326e-06,7742,100,tensorflow-eager,2.2.0,1.19.0
254,6.0069999996414936e-06,7742,100,tensorflow-eager,2.2.0,1.19.0
255,4.9450000005890615e-06,7742,100,tensorflow-eager,2.2.0,1.19.0
256,4.9210000003796495e-06,7742,100,tensorflow-eager,2.2.0,1.19.0
257,5.240999999323037e-06,7742,100,tensorflow-eager,2.2.0,1.19.0
258,6.943999999897699e-06,7742,100,tensorflow-eager,2.2.0,1.19.0
259,6.722999999375645e-06,7742,100,tensorflow-eager,2.2.0,1.19.0
260,6.9700000002725915e-06,7742,100,tensorflow-eager,2.2.0,1.19.0
261,8.814000000079147e-06,7742,100,tensorflow-eager,2.2.0,1.19.0
262,8.532999999921742e-06,7742,100,tensorflow-eager,2.2.0,1.19.0
263,1.1635000000786988e-05,7742,100,tensorflow-eager,2.2.0,1.19.0
264,1.2525999999901671e-05,7742,100,tensorflow-eager,2.2.0,1.19.0
265,8.404999999989116e-06,7742,100,tensorflow-eager,2.2.0,1.19.0
266,7.548000000134891e-06,7742,100,tensorflow-eager,2.2.0,1.19.0
267,7.994999999816343e-06,7742,100,tensorflow-eager,2.2.0,1.19.0
268,8.131000000410893e-06,7742,100,tensorflow-eager,2.2.0,1.19.0
269,1.1015000000114128e-05,7742,100,tensorflow-eager,2.2.0,1.19.0
270,7.379000000362623e-06,7742,100,tensorflow-eager,2.2.0,1.19.0
271,7.3239999993646165e-06,7742,100,tensorflow-eager,2.2.0,1.19.0
272,7.711999999493457e-06,7742,100,tensorflow-eager,2.2.0,1.19.0
273,7.5129999999035135e-06,7742,100,tensorflow-eager,2.2.0,1.19.0
274,7.150000000066825e-06,7742,100,tensorflow-eager,2.2.0,1.19.0
275,7.35199999990499e-06,7742,100,tensorflow-eager,2.2.0,1.19.0
276,7.532999999781964e-06,7742,100,tensorflow-eager,2.2.0,1.19.0
277,7.227000000220585e-06,7742,100,tensorflow-eager,2.2.0,1.19.0
278,6.7719999998772096e-06,7742,100,tensorflow-eager,2.2.0,1.19.0
279,7.540000000361147e-06,7742,100,tensorflow-eager,2.2.0,1.19.0
280,6.495000000050766e-06,7742,100,tensorflow-eager,2.2.0,1.19.0
281,6.843999999617267e-06,7742,100,tensorflow-eager,2.2.0,1.19.0
282,6.52099999953748e-06,7742,100,tensorflow-eager,2.2.0,1.19.0
283,6.555999999768858e-06,7742,100,tensorflow-eager,2.2.0,1.19.0
284,6.3730000006145815e-06,7742,100,tensorflow-eager,2.2.0,1.19.0
285,6.5429999995814114e-06,7742,100,tensorflow-eager,2.2.0,1.19.0
286,1.0893000000677944e-05,7742,100,tensorflow-eager,2.2.0,1.19.0
287,8.224000000112142e-06,7742,100,tensorflow-eager,2.2.0,1.19.0
288,6.540000000221369e-06,7742,100,tensorflow-eager,2.2.0,1.19.0
289,6.353999999930693e-06,7742,100,tensorflow-eager,2.2.0,1.19.0
290,7.026999999659722e-06,7742,100,tensorflow-eager,2.2.0,1.19.0
291,7.166999999697055e-06,7742,100,tensorflow-eager,2.2.0,1.19.0
292,7.452000000185421e-06,7742,100,tensorflow-eager,2.2.0,1.19.0
293,7.767999999686026e-06,7742,100,tensorflow-eager,2.2.0,1.19.0
294,7.522999999842739e-06,7742,100,tensorflow-eager,2.2.0,1.19.0
295,6.181999999910204e-06,7742,100,tensorflow-eager,2.2.0,1.19.0
296,7.250999999541818e-06,7742,100,tensorflow-eager,2.2.0,1.19.0
297,7.69900000019419e-06,7742,100,tensorflow-eager,2.2.0,1.19.0
298,7.301000000126123e-06,7742,100,tensorflow-eager,2.2.0,1.19.0
299,7.645000000167101e-06,7742,100,tensorflow-eager,2.2.0,1.19.0
300,0.00014892500000041053,21544,100,tensorflow-eager,2.2.0,1.19.0
301,1.5091999999938821e-05,21544,100,tensorflow-eager,2.2.0,1.19.0
302,1.2624000000016622e-05,21544,100,tensorflow-eager,2.2.0,1.19.0
303,1.1931999999603704e-05,21544,100,tensorflow-eager,2.2.0,1.19.0
304,1.3414999999739052e-05,21544,100,tensorflow-eager,2.2.0,1.19.0
305,1.630600000002147e-05,21544,100,tensorflow-eager,2.2.0,1.19.0
306,1.3165000000370242e-05,21544,100,tensorflow-eager,2.2.0,1.19.0
307,1.2607000000386392e-05,21544,100,tensorflow-eager,2.2.0,1.19.0
308,1.2451999999996133e-05,21544,100,tensorflow-eager,2.2.0,1.19.0
309,1.2612000000800094e-05,21544,100,tensorflow-eager,2.2.0,1.19.0
310,1.3092999999742005e-05,21544,100,tensorflow-eager,2.2.0,1.19.0
311,1.3813999999889859e-05,21544,100,tensorflow-eager,2.2.0,1.19.0
312,1.2492999999835774e-05,21544,100,tensorflow-eager,2.2.0,1.19.0
313,1.2549000000028343e-05,21544,100,tensorflow-eager,2.2.0,1.19.0
314,1.4042999999297479e-05,21544,100,tensorflow-eager,2.2.0,1.19.0
315,1.2646000000060553e-05,21544,100,tensorflow-eager,2.2.0,1.19.0
316,1.2525999999901671e-05,21544,100,tensorflow-eager,2.2.0,1.19.0
317,1.3685999999957232e-05,21544,100,tensorflow-eager,2.2.0,1.19.0
318,1.292900000038344e-05,21544,100,tensorflow-eager,2.2.0,1.19.0
319,1.2437999999725946e-05,21544,100,tensorflow-eager,2.2.0,1.19.0
320,1.2436999999643206e-05,21544,100,tensorflow-eager,2.2.0,1.19.0
321,1.4348000000552474e-05,21544,100,tensorflow-eager,2.2.0,1.19.0
322,1.5502999999306155e-05,21544,100,tensorflow-eager,2.2.0,1.19.0
323,1.2701999999364944e-05,21544,100,tensorflow-eager,2.2.0,1.19.0
324,1.0134000000050492e-05,21544,100,tensorflow-eager,2.2.0,1.19.0
325,1.1354999999824145e-05,21544,100,tensorflow-eager,2.2.0,1.19.0
326,9.945999999594335e-06,21544,100,tensorflow-eager,2.2.0,1.19.0
327,9.702999999916528e-06,21544,100,tensorflow-eager,2.2.0,1.19.0
328,9.641000000115696e-06,21544,100,tensorflow-eager,2.2.0,1.19.0
329,9.62900000001099e-06,21544,100,tensorflow-eager,2.2.0,1.19.0
330,9.656000000468623e-06,21544,100,tensorflow-eager,2.2.0,1.19.0
331,1.1748000000366687e-05,21544,100,tensorflow-eager,2.2.0,1.19.0
332,1.200200000006646e-05,21544,100,tensorflow-eager,2.2.0,1.19.0
333,9.987000000322155e-06,21544,100,tensorflow-eager,2.2.0,1.19.0
334,1.0982000000048231e-05,21544,100,tensorflow-eager,2.2.0,1.19.0
335,9.837999999540159e-06,21544,100,tensorflow-eager,2.2.0,1.19.0
336,9.684000000120818e-06,21544,100,tensorflow-eager,2.2.0,1.19.0
337,9.540999999835265e-06,21544,100,tensorflow-eager,2.2.0,1.19.0
338,9.487999999890917e-06,21544,100,tensorflow-eager,2.2.0,1.19.0
339,9.499999999995623e-06,21544,100,tensorflow-eager,2.2.0,1.19.0
340,1.1652000000417218e-05,21544,100,tensorflow-eager,2.2.0,1.19.0
341,1.1706999999638867e-05,21544,100,tensorflow-eager,2.2.0,1.19.0
342,1.0869999999663094e-05,21544,100,tensorflow-eager,2.2.0,1.19.0
343,1.206100000050725e-05,21544,100,tensorflow-eager,2.2.0,1.19.0
344,1.3280999999309984e-05,21544,100,tensorflow-eager,2.2.0,1.19.0
345,1.5367000000487963e-05,21544,100,tensorflow-eager,2.2.0,1.19.0
346,1.2850999999258761e-05,21544,100,tensorflow-eager,2.2.0,1.19.0
347,1.15379999998666e-05,21544,100,tensorflow-eager,2.2.0,1.19.0
348,1.350499999919208e-05,21544,100,tensorflow-eager,2.2.0,1.19.0
349,1.3597999999781507e-05,21544,100,tensorflow-eager,2.2.0,1.19.0
350,1.4226000000228112e-05,21544,100,tensorflow-eager,2.2.0,1.19.0
351,1.4061000000786805e-05,21544,100,tensorflow-eager,2.2.0,1.19.0
352,1.45109999998283e-05,21544,100,tensorflow-eager,2.2.0,1.19.0
353,1.4005999999788799e-05,21544,100,tensorflow-eager,2.2.0,1.19.0
354,1.3632000000818323e-05,21544,100,tensorflow-eager,2.2.0,1.19.0
355,1.4449000000027468e-05,21544,100,tensorflow-eager,2.2.0,1.19.0
356,1.4182000000140249e-05,21544,100,tensorflow-eager,2.2.0,1.19.0
357,1.514700000004865e-05,21544,100,tensorflow-eager,2.2.0,1.19.0
358,1.5721000000468166e-05,21544,100,tensorflow-eager,2.2.0,1.19.0
359,1.6235000000364153e-05,21544,100,tensorflow-eager,2.2.0,1.19.0
360,1.449400000019807e-05,21544,100,tensorflow-eager,2.2.0,1.19.0
361,1.3315999999541361e-05,21544,100,tensorflow-eager,2.2.0,1.19.0
362,1.2671000000352706e-05,21544,100,tensorflow-eager,2.2.0,1.19.0
363,1.3942999999905226e-05,21544,100,tensorflow-eager,2.2.0,1.19.0
364,1.4904000000370843e-05,21544,100,tensorflow-eager,2.2.0,1.19.0
365,2.0132000000394612e-05,21544,100,tensorflow-eager,2.2.0,1.19.0
366,2.4917000000179712e-05,21544,100,tensorflow-eager,2.2.0,1.19.0
367,2.0214999999268457e-05,21544,100,tensorflow-eager,2.2.0,1.19.0
368,2.326999999979762e-05,21544,100,tensorflow-eager,2.2.0,1.19.0
369,3.035500000070357e-05,21544,100,tensorflow-eager,2.2.0,1.19.0
370,2.469799999982314e-05,21544,100,tensorflow-eager,2.2.0,1.19.0
371,1.929999999994436e-05,21544,100,tensorflow-eager,2.2.0,1.19.0
372,1.9850000000154466e-05,21544,100,tensorflow-eager,2.2.0,1.19.0
373,2.21890000000613e-05,21544,100,tensorflow-eager,2.2.0,1.19.0
374,2.0813999999980126e-05,21544,100,tensorflow-eager,2.2.0,1.19.0
375,2.9688000000582804e-05,21544,100,tensorflow-eager,2.2.0,1.19.0
376,2.641699999994529e-05,21544,100,tensorflow-eager,2.2.0,1.19.0
377,1.945100000000366e-05,21544,100,tensorflow-eager,2.2.0,1.19.0
378,1.3477000000428063e-05,21544,100,tensorflow-eager,2.2.0,1.19.0
379,1.2801999999645375e-05,21544,100,tensorflow-eager,2.2.0,1.19.0
380,1.8555999999669837e-05,21544,100,tensorflow-eager,2.2.0,1.19.0
381,2.188099999944626e-05,21544,100,tensorflow-eager,2.2.0,1.19.0
382,2.4251000000141687e-05,21544,100,tensorflow-eager,2.2.0,1.19.0
383,2.5368000000192126e-05,21544,100,tensorflow-eager,2.2.0,1.19.0
384,2.084299999971506e-05,21544,100,tensorflow-eager,2.2.0,1.19.0
385,2.579900000032609e-05,21544,100,tensorflow-eager,2.2.0,1.19.0
386,2.3307000000194478e-05,21544,100,tensorflow-eager,2.2.0,1.19.0
387,2.1414999999969098e-05,21544,100,tensorflow-eager,2.2.0,1.19.0
388,2.0813999999980126e-05,21544,100,tensorflow-eager,2.2.0,1.19.0
389,1.915899999982429e-05,21544,100,tensorflow-eager,2.2.0,1.19.0
390,5.6025999999320675e-05,21544,100,tensorflow-eager,2.2.0,1.19.0
391,2.062699999960671e-05,21544,100,tensorflow-eager,2.2.0,1.19.0
392,1.9234999999895308e-05,21544,100,tensorflow-eager,2.2.0,1.19.0
393,1.5927999999831854e-05,21544,100,tensorflow-eager,2.2.0,1.19.0
394,2.311699999957284e-05,21544,100,tensorflow-eager,2.2.0,1.19.0
395,2.273299999977496e-05,21544,100,tensorflow-eager,2.2.0,1.19.0
396,2.087599999978096e-05,21544,100,tensorflow-eager,2.2.0,1.19.0
397,2.1087000000363787e-05,21544,100,tensorflow-eager,2.2.0,1.19.0
398,5.0506999999200275e-05,21544,100,tensorflow-eager,2.2.0,1.19.0
399,3.9604999999554025e-05,21544,100,tensorflow-eager,2.2.0,1.19.0
400,0.00047561099999970935,59948,100,tensorflow-eager,2.2.0,1.19.0
401,7.772699999986088e-05,59948,100,tensorflow-eager,2.2.0,1.19.0
402,6.0483999999583204e-05,59948,100,tensorflow-eager,2.2.0,1.19.0
403,5.1589999999990255e-05,59948,100,tensorflow-eager,2.2.0,1.19.0
404,4.193200000024433e-05,59948,100,tensorflow-eager,2.2.0,1.19.0
405,4.389800000037525e-05,59948,100,tensorflow-eager,2.2.0,1.19.0
406,3.1636000000112574e-05,59948,100,tensorflow-eager,2.2.0,1.19.0
407,2.5139999999979068e-05,59948,100,tensorflow-eager,2.2.0,1.19.0
408,2.7992999999781887e-05,59948,100,tensorflow-eager,2.2.0,1.19.0
409,2.523800000009402e-05,59948,100,tensorflow-eager,2.2.0,1.19.0
410,3.712200000016708e-05,59948,100,tensorflow-eager,2.2.0,1.19.0
411,3.670099999997234e-05,59948,100,tensorflow-eager,2.2.0,1.19.0
412,3.50110000004733e-05,59948,100,tensorflow-eager,2.2.0,1.19.0
413,3.392899999976606e-05,59948,100,tensorflow-eager,2.2.0,1.19.0
414,3.397600000010215e-05,59948,100,tensorflow-eager,2.2.0,1.19.0
415,4.70090000002088e-05,59948,100,tensorflow-eager,2.2.0,1.19.0
416,6.1816999999742e-05,59948,100,tensorflow-eager,2.2.0,1.19.0
417,4.905200000049348e-05,59948,100,tensorflow-eager,2.2.0,1.19.0
418,3.869100000031267e-05,59948,100,tensorflow-eager,2.2.0,1.19.0
419,4.5395999999975345e-05,59948,100,tensorflow-eager,2.2.0,1.19.0
420,6.644700000002501e-05,59948,100,tensorflow-eager,2.2.0,1.19.0
421,2.728699999998696e-05,59948,100,tensorflow-eager,2.2.0,1.19.0
422,2.4038000000281556e-05,59948,100,tensorflow-eager,2.2.0,1.19.0
423,2.3731000000637437e-05,59948,100,tensorflow-eager,2.2.0,1.19.0
424,2.3765999999980636e-05,59948,100,tensorflow-eager,2.2.0,1.19.0
425,2.69790000002601e-05,59948,100,tensorflow-eager,2.2.0,1.19.0
426,2.4012999999989404e-05,59948,100,tensorflow-eager,2.2.0,1.19.0
427,2.3997000000441915e-05,59948,100,tensorflow-eager,2.2.0,1.19.0
428,2.3781999999528125e-05,59948,100,tensorflow-eager,2.2.0,1.19.0
429,2.3728000000389216e-05,59948,100,tensorflow-eager,2.2.0,1.19.0
430,2.3748000000267666e-05,59948,100,tensorflow-eager,2.2.0,1.19.0
431,2.8009999999412116e-05,59948,100,tensorflow-eager,2.2.0,1.19.0
432,2.9822000000123694e-05,59948,100,tensorflow-eager,2.2.0,1.19.0
433,4.5858000000009724e-05,59948,100,tensorflow-eager,2.2.0,1.19.0
434,4.20330000006075e-05,59948,100,tensorflow-eager,2.2.0,1.19.0
435,3.0150000000617183e-05,59948,100,tensorflow-eager,2.2.0,1.19.0
436,2.9452000000596e-05,59948,100,tensorflow-eager,2.2.0,1.19.0
437,3.0385999999715807e-05,59948,100,tensorflow-eager,2.2.0,1.19.0
438,4.4660999999557305e-05,59948,100,tensorflow-eager,2.2.0,1.19.0
439,4.146199999954803e-05,59948,100,tensorflow-eager,2.2.0,1.19.0
440,2.837000000077694e-05,59948,100,tensorflow-eager,2.2.0,1.19.0
441,2.7509000000591755e-05,59948,100,tensorflow-eager,2.2.0,1.19.0
442,2.8527999999639064e-05,59948,100,tensorflow-eager,2.2.0,1.19.0
443,3.1275000000441366e-05,59948,100,tensorflow-eager,2.2.0,1.19.0
444,3.073399999919957e-05,59948,100,tensorflow-eager,2.2.0,1.19.0
445,2.9531999999221625e-05,59948,100,tensorflow-eager,2.2.0,1.19.0
446,2.8432999999772335e-05,59948,100,tensorflow-eager,2.2.0,1.19.0
447,2.7242999999899098e-05,59948,100,tensorflow-eager,2.2.0,1.19.0
448,2.6910999999962826e-05,59948,100,tensorflow-eager,2.2.0,1.19.0
449,2.799899999939015e-05,59948,100,tensorflow-eager,2.2.0,1.19.0
450,2.8333999999574644e-05,59948,100,tensorflow-eager,2.2.0,1.19.0
451,2.7379000000493647e-05,59948,100,tensorflow-eager,2.2.0,1.19.0
452,2.8936000000534534e-05,59948,100,tensorflow-eager,2.2.0,1.19.0
453,2.7430999999467076e-05,59948,100,tensorflow-eager,2.2.0,1.19.0
454,2.8705000000073255e-05,59948,100,tensorflow-eager,2.2.0,1.19.0
455,2.726499999994303e-05,59948,100,tensorflow-eager,2.2.0,1.19.0
456,5.2404000000727535e-05,59948,100,tensorflow-eager,2.2.0,1.19.0
457,4.247500000076343e-05,59948,100,tensorflow-eager,2.2.0,1.19.0
458,3.311399999983422e-05,59948,100,tensorflow-eager,2.2.0,1.19.0
459,3.373000000017612e-05,59948,100,tensorflow-eager,2.2.0,1.19.0
460,4.58150000000046e-05,59948,100,tensorflow-eager,2.2.0,1.19.0
461,4.4048000000351806e-05,59948,100,tensorflow-eager,2.2.0,1.19.0
462,3.6806999999861034e-05,59948,100,tensorflow-eager,2.2.0,1.19.0
463,3.0731999999922266e-05,59948,100,tensorflow-eager,2.2.0,1.19.0
464,3.7172999999945944e-05,59948,100,tensorflow-eager,2.2.0,1.19.0
465,3.679399999967359e-05,59948,100,tensorflow-eager,2.2.0,1.19.0
466,3.120399999989587e-05,59948,100,tensorflow-eager,2.2.0,1.19.0
467,2.9362000000254795e-05,59948,100,tensorflow-eager,2.2.0,1.19.0
468,3.984900000020275e-05,59948,100,tensorflow-eager,2.2.0,1.19.0
469,4.109699999954586e-05,59948,100,tensorflow-eager,2.2.0,1.19.0
470,3.7987999999877786e-05,59948,100,tensorflow-eager,2.2.0,1.19.0
471,3.4396999999408706e-05,59948,100,tensorflow-eager,2.2.0,1.19.0
472,4.334499999991692e-05,59948,100,tensorflow-eager,2.2.0,1.19.0
473,3.473099999951046e-05,59948,100,tensorflow-eager,2.2.0,1.19.0
474,3.1075999999963244e-05,59948,100,tensorflow-eager,2.2.0,1.19.0
475,2.6679999999501547e-05,59948,100,tensorflow-eager,2.2.0,1.19.0
476,2.7746000000661297e-05,59948,100,tensorflow-eager,2.2.0,1.19.0
477,3.213200000029559e-05,59948,100,tensorflow-eager,2.2.0,1.19.0
478,3.2949000000392914e-05,59948,100,tensorflow-eager,2.2.0,1.19.0
479,3.131500000019827e-05,59948,100,tensorflow-eager,2.2.0,1.19.0
480,3.1539000000080364e-05,59948,100,tensorflow-eager,2.2.0,1.19.0
481,2.821400000030394e-05,59948,100,tensorflow-eager,2.2.0,1.19.0
482,3.171699999970912e-05,59948,100,tensorflow-eager,2.2.0,1.19.0
483,3.2576000000617e-05,59948,100,tensorflow-eager,2.2.0,1.19.0
484,4.6129999999422466e-05,59948,100,tensorflow-eager,2.2.0,1.19.0
485,4.841799999955043e-05,59948,100,tensorflow-eager,2.2.0,1.19.0
486,3.876699999949551e-05,59948,100,tensorflow-eager,2.2.0,1.19.0
487,3.3450000000101454e-05,59948,100,tensorflow-eager,2.2.0,1.19.0
488,9.310999999989633e-05,59948,100,tensorflow-eager,2.2.0,1.19.0
489,7.098100000035856e-05,59948,100,tensorflow-eager,2.2.0,1.19.0
490,5.614799999964504e-05,59948,100,tensorflow-eager,2.2.0,1.19.0
491,3.6419999999814934e-05,59948,100,tensorflow-eager,2.2.0,1.19.0
492,3.348200000008461e-05,59948,100,tensorflow-eager,2.2.0,1.19.0
493,4.7053999999491225e-05,59948,100,tensorflow-eager,2.2.0,1.19.0
494,5.45309999999688e-05,59948,100,tensorflow-eager,2.2.0,1.19.0
495,5.818600000040419e-05,59948,100,tensorflow-eager,2.2.0,1.19.0
496,4.486599999964369e-05,59948,100,tensorflow-eager,2.2.0,1.19.0
497,4.460999999977844e-05,59948,100,tensorflow-eager,2.2.0,1.19.0
498,5.2443000000401696e-05,59948,100,tensorflow-eager,2.2.0,1.19.0
499,4.903100000053229e-05,59948,100,tensorflow-eager,2.2.0,1.19.0
500,0.001233216000000148,166810,100,tensorflow-eager,2.2.0,1.19.0
501,0.0001556649999994164,166810,100,tensorflow-eager,2.2.0,1.19.0
502,0.00010469699999937632,166810,100,tensorflow-eager,2.2.0,1.19.0
503,7.760400000034196e-05,166810,100,tensorflow-eager,2.2.0,1.19.0
504,8.573800000011289e-05,166810,100,tensorflow-eager,2.2.0,1.19.0
505,9.180200000002969e-05,166810,100,tensorflow-eager,2.2.0,1.19.0
506,0.00010601399999998762,166810,100,tensorflow-eager,2.2.0,1.19.0
507,0.00013329999999989184,166810,100,tensorflow-eager,2.2.0,1.19.0
508,9.996799999978379e-05,166810,100,tensorflow-eager,2.2.0,1.19.0
509,0.00012630299999916161,166810,100,tensorflow-eager,2.2.0,1.19.0
510,0.00013144499999917514,166810,100,tensorflow-eager,2.2.0,1.19.0
511,9.609600000004548e-05,166810,100,tensorflow-eager,2.2.0,1.19.0
512,8.71939999997906e-05,166810,100,tensorflow-eager,2.2.0,1.19.0
513,7.562500000002359e-05,166810,100,tensorflow-eager,2.2.0,1.19.0
514,7.495199999940638e-05,166810,100,tensorflow-eager,2.2.0,1.19.0
515,7.255699999930698e-05,166810,100,tensorflow-eager,2.2.0,1.19.0
516,7.123200000069829e-05,166810,100,tensorflow-eager,2.2.0,1.19.0
517,7.78309999995841e-05,166810,100,tensorflow-eager,2.2.0,1.19.0
518,8.067699999969591e-05,166810,100,tensorflow-eager,2.2.0,1.19.0
519,6.843199999995164e-05,166810,100,tensorflow-eager,2.2.0,1.19.0
520,6.756200000079815e-05,166810,100,tensorflow-eager,2.2.0,1.19.0
521,7.247299999946222e-05,166810,100,tensorflow-eager,2.2.0,1.19.0
522,7.013600000060904e-05,166810,100,tensorflow-eager,2.2.0,1.19.0
523,6.802100000058431e-05,166810,100,tensorflow-eager,2.2.0,1.19.0
524,8.013999999967325e-05,166810,100,tensorflow-eager,2.2.0,1.19.0
525,7.679199999977016e-05,166810,100,tensorflow-eager,2.2.0,1.19.0
526,7.926700000027154e-05,166810,100,tensorflow-eager,2.2.0,1.19.0
527,0.00011807499999960669,166810,100,tensorflow-eager,2.2.0,1.19.0
528,8.921800000027957e-05,166810,100,tensorflow-eager,2.2.0,1.19.0
529,7.504000000047029e-05,166810,100,tensorflow-eager,2.2.0,1.19.0
530,0.00010128899999983787,166810,100,tensorflow-eager,2.2.0,1.19.0
531,0.00011608199999990632,166810,100,tensorflow-eager,2.2.0,1.19.0
532,9.453499999967363e-05,166810,100,tensorflow-eager,2.2.0,1.19.0
533,0.00013494899999955123,166810,100,tensorflow-eager,2.2.0,1.19.0
534,8.066699999975668e-05,166810,100,tensorflow-eager,2.2.0,1.19.0
535,7.945499999983952e-05,166810,100,tensorflow-eager,2.2.0,1.19.0
536,0.00010443700000006828,166810,100,tensorflow-eager,2.2.0,1.19.0
537,0.00012152900000028666,166810,100,tensorflow-eager,2.2.0,1.19.0
538,7.359700000009184e-05,166810,100,tensorflow-eager,2.2.0,1.19.0
539,7.38250000003049e-05,166810,100,tensorflow-eager,2.2.0,1.19.0
540,8.16780000008066e-05,166810,100,tensorflow-eager,2.2.0,1.19.0
541,7.44169999995492e-05,166810,100,tensorflow-eager,2.2.0,1.19.0
542,7.029400000035935e-05,166810,100,tensorflow-eager,2.2.0,1.19.0
543,7.140599999999608e-05,166810,100,tensorflow-eager,2.2.0,1.19.0
544,0.0001225280000003437,166810,100,tensorflow-eager,2.2.0,1.19.0
545,0.00012148300000003331,166810,100,tensorflow-eager,2.2.0,1.19.0
546,8.992099999982628e-05,166810,100,tensorflow-eager,2.2.0,1.19.0
547,0.00012881100000061707,166810,100,tensorflow-eager,2.2.0,1.19.0
548,0.0001102350000001806,166810,100,tensorflow-eager,2.2.0,1.19.0
549,8.527199999974755e-05,166810,100,tensorflow-eager,2.2.0,1.19.0
550,0.00013096700000048145,166810,100,tensorflow-eager,2.2.0,1.19.0
551,0.00011055800000026039,166810,100,tensorflow-eager,2.2.0,1.19.0
552,8.227599999965918e-05,166810,100,tensorflow-eager,2.2.0,1.19.0
553,0.00010896099999957443,166810,100,tensorflow-eager,2.2.0,1.19.0
554,8.206499999996453e-05,166810,100,tensorflow-eager,2.2.0,1.19.0
555,7.360999999939111e-05,166810,100,tensorflow-eager,2.2.0,1.19.0
556,7.564199999965382e-05,166810,100,tensorflow-eager,2.2.0,1.19.0
557,6.944600000036161e-05,166810,100,tensorflow-eager,2.2.0,1.19.0
558,7.022900000031029e-05,166810,100,tensorflow-eager,2.2.0,1.19.0
559,7.918300000042677e-05,166810,100,tensorflow-eager,2.2.0,1.19.0
560,7.91949999996433e-05,166810,100,tensorflow-eager,2.2.0,1.19.0
561,0.00013905800000024726,166810,100,tensorflow-eager,2.2.0,1.19.0
562,0.00011327999999988236,166810,100,tensorflow-eager,2.2.0,1.19.0
563,9.403500000004783e-05,166810,100,tensorflow-eager,2.2.0,1.19.0
564,0.0001314329999999586,166810,100,tensorflow-eager,2.2.0,1.19.0
565,0.00012106700000025228,166810,100,tensorflow-eager,2.2.0,1.19.0
566,0.00013028700000017324,166810,100,tensorflow-eager,2.2.0,1.19.0
567,0.0001383439999997904,166810,100,tensorflow-eager,2.2.0,1.19.0
568,0.00011536800000033764,166810,100,tensorflow-eager,2.2.0,1.19.0
569,9.261900000012702e-05,166810,100,tensorflow-eager,2.2.0,1.19.0
570,7.473099999977251e-05,166810,100,tensorflow-eager,2.2.0,1.19.0
571,7.862499999955475e-05,166810,100,tensorflow-eager,2.2.0,1.19.0
572,8.164900000018349e-05,166810,100,tensorflow-eager,2.2.0,1.19.0
573,9.673200000026583e-05,166810,100,tensorflow-eager,2.2.0,1.19.0
574,0.0001375370000005205,166810,100,tensorflow-eager,2.2.0,1.19.0
575,0.0001023870000000926,166810,100,tensorflow-eager,2.2.0,1.19.0
576,0.0001492069999997625,166810,100,tensorflow-eager,2.2.0,1.19.0
577,0.00013350099999964726,166810,100,tensorflow-eager,2.2.0,1.19.0
578,9.542399999951101e-05,166810,100,tensorflow-eager,2.2.0,1.19.0
579,7.944499999990029e-05,166810,100,tensorflow-eager,2.2.0,1.19.0
580,8.083200000008617e-05,166810,100,tensorflow-eager,2.2.0,1.19.0
581,7.779599999935272e-05,166810,100,tensorflow-eager,2.2.0,1.19.0
582,9.880600000045092e-05,166810,100,tensorflow-eager,2.2.0,1.19.0
583,0.00014627599999972318,166810,100,tensorflow-eager,2.2.0,1.19.0
584,9.011599999997344e-05,166810,100,tensorflow-eager,2.2.0,1.19.0
585,8.28639999994607e-05,166810,100,tensorflow-eager,2.2.0,1.19.0
586,8.328599999973818e-05,166810,100,tensorflow-eager,2.2.0,1.19.0
587,0.000167095000000117,166810,100,tensorflow-eager,2.2.0,1.19.0
588,0.00010457000000041461,166810,100,tensorflow-eager,2.2.0,1.19.0
589,0.0001254440000000301,166810,100,tensorflow-eager,2.2.0,1.19.0
590,0.00011921900000011476,166810,100,tensorflow-eager,2.2.0,1.19.0
591,8.998599999987533e-05,166810,100,tensorflow-eager,2.2.0,1.19.0
592,7.521099999951986e-05,166810,100,tensorflow-eager,2.2.0,1.19.0
593,7.764099999985064e-05,166810,100,tensorflow-eager,2.2.0,1.19.0
594,8.776899999940468e-05,166810,100,tensorflow-eager,2.2.0,1.19.0
595,0.00010586600000017654,166810,100,tensorflow-eager,2.2.0,1.19.0
596,8.184599999960795e-05,166810,100,tensorflow-eager,2.2.0,1.19.0
597,7.916899999926841e-05,166810,100,tensorflow-eager,2.2.0,1.19.0
598,7.13709999997647e-05,166810,100,tensorflow-eager,2.2.0,1.19.0
599,6.752400000031855e-05,166810,100,tensorflow-eager,2.2.0,1.19.0
600,0.0030371590000006776,464158,100,tensorflow-eager,2.2.0,1.19.0
601,0.000605182999999343,464158,100,tensorflow-eager,2.2.0,1.19.0
602,0.0004789909999995956,464158,100,tensorflow-eager,2.2.0,1.19.0
603,0.0003609559999997458,464158,100,tensorflow-eager,2.2.0,1.19.0
604,0.00032028100000047743,464158,100,tensorflow-eager,2.2.0,1.19.0
605,0.00031427099999969954,464158,100,tensorflow-eager,2.2.0,1.19.0
606,0.000397968999999776,464158,100,tensorflow-eager,2.2.0,1.19.0
607,0.00033602199999993587,464158,100,tensorflow-eager,2.2.0,1.19.0
608,0.00032015900000015307,464158,100,tensorflow-eager,2.2.0,1.19.0
609,0.00044239299999926374,464158,100,tensorflow-eager,2.2.0,1.19.0
610,0.0004161939999995923,464158,100,tensorflow-eager,2.2.0,1.19.0
611,0.0003226180000002188,464158,100,tensorflow-eager,2.2.0,1.19.0
612,0.00029489500000057234,464158,100,tensorflow-eager,2.2.0,1.19.0
613,0.0003050120000001044,464158,100,tensorflow-eager,2.2.0,1.19.0
614,0.0003532279999998167,464158,100,tensorflow-eager,2.2.0,1.19.0
615,0.0003751820000008621,464158,100,tensorflow-eager,2.2.0,1.19.0
616,0.00034358400000034095,464158,100,tensorflow-eager,2.2.0,1.19.0
617,0.0003073430000002375,464158,100,tensorflow-eager,2.2.0,1.19.0
618,0.0003010749999994289,464158,100,tensorflow-eager,2.2.0,1.19.0
619,0.00034395399999986864,464158,100,tensorflow-eager,2.2.0,1.19.0
620,0.0003377869999994232,464158,100,tensorflow-eager,2.2.0,1.19.0
621,0.00042189500000056057,464158,100,tensorflow-eager,2.2.0,1.19.0
622,0.00029957599999974605,464158,100,tensorflow-eager,2.2.0,1.19.0
623,0.000297535000000515,464158,100,tensorflow-eager,2.2.0,1.19.0
624,0.00029958100000015975,464158,100,tensorflow-eager,2.2.0,1.19.0
625,0.0002977719999996964,464158,100,tensorflow-eager,2.2.0,1.19.0
626,0.0002952709999997083,464158,100,tensorflow-eager,2.2.0,1.19.0
627,0.0002955139999993861,464158,100,tensorflow-eager,2.2.0,1.19.0
628,0.0004943050000001392,464158,100,tensorflow-eager,2.2.0,1.19.0
629,0.0003367800000004806,464158,100,tensorflow-eager,2.2.0,1.19.0
630,0.0003101169999997211,464158,100,tensorflow-eager,2.2.0,1.19.0
631,0.00031416600000078176,464158,100,tensorflow-eager,2.2.0,1.19.0
632,0.0003299120000006539,464158,100,tensorflow-eager,2.2.0,1.19.0
633,0.00031137200000053156,464158,100,tensorflow-eager,2.2.0,1.19.0
634,0.0003672730000001678,464158,100,tensorflow-eager,2.2.0,1.19.0
635,0.00039326100000014463,464158,100,tensorflow-eager,2.2.0,1.19.0
636,0.00035391399999973316,464158,100,tensorflow-eager,2.2.0,1.19.0
637,0.0004357269999992752,464158,100,tensorflow-eager,2.2.0,1.19.0
638,0.00036513299999985094,464158,100,tensorflow-eager,2.2.0,1.19.0
639,0.0004628310000001079,464158,100,tensorflow-eager,2.2.0,1.19.0
640,0.00036745500000012754,464158,100,tensorflow-eager,2.2.0,1.19.0
641,0.00040110700000006716,464158,100,tensorflow-eager,2.2.0,1.19.0
642,0.00040897299999986814,464158,100,tensorflow-eager,2.2.0,1.19.0
643,0.00033137100000057984,464158,100,tensorflow-eager,2.2.0,1.19.0
644,0.0003231089999999881,464158,100,tensorflow-eager,2.2.0,1.19.0
645,0.00033493799999995133,464158,100,tensorflow-eager,2.2.0,1.19.0
646,0.0003624540000002341,464158,100,tensorflow-eager,2.2.0,1.19.0
647,0.0005926240000002636,464158,100,tensorflow-eager,2.2.0,1.19.0
648,0.0004658439999998265,464158,100,tensorflow-eager,2.2.0,1.19.0
649,0.00032397099999936785,464158,100,tensorflow-eager,2.2.0,1.19.0
650,0.0002986849999997432,464158,100,tensorflow-eager,2.2.0,1.19.0
651,0.0002967879999999923,464158,100,tensorflow-eager,2.2.0,1.19.0
652,0.00029167000000018817,464158,100,tensorflow-eager,2.2.0,1.19.0
653,0.00033258100000033153,464158,100,tensorflow-eager,2.2.0,1.19.0
654,0.0010785670000004188,464158,100,tensorflow-eager,2.2.0,1.19.0
655,0.0008978109999997486,464158,100,tensorflow-eager,2.2.0,1.19.0
656,0.0005366310000001207,464158,100,tensorflow-eager,2.2.0,1.19.0
657,0.0004017970000003146,464158,100,tensorflow-eager,2.2.0,1.19.0
658,0.0004154180000002228,464158,100,tensorflow-eager,2.2.0,1.19.0
659,0.0005069890000006794,464158,100,tensorflow-eager,2.2.0,1.19.0
660,0.0005848039999998278,464158,100,tensorflow-eager,2.2.0,1.19.0
661,0.0006232669999999274,464158,100,tensorflow-eager,2.2.0,1.19.0
662,0.00041127899999970907,464158,100,tensorflow-eager,2.2.0,1.19.0
663,0.00048117700000016583,464158,100,tensorflow-eager,2.2.0,1.19.0
664,0.003721206999999893,464158,100,tensorflow-eager,2.2.0,1.19.0
665,0.002685576999999384,464158,100,tensorflow-eager,2.2.0,1.19.0
666,0.0021394099999998417,464158,100,tensorflow-eager,2.2.0,1.19.0
667,0.000561099999999648,464158,100,tensorflow-eager,2.2.0,1.19.0
668,0.0004137759999993662,464158,100,tensorflow-eager,2.2.0,1.19.0
669,0.000403189000000026,464158,100,tensorflow-eager,2.2.0,1.19.0
670,0.0004499410000002868,464158,100,tensorflow-eager,2.2.0,1.19.0
671,0.0005650839999997714,464158,100,tensorflow-eager,2.2.0,1.19.0
672,0.0005499950000000808,464158,100,tensorflow-eager,2.2.0,1.19.0
673,0.00047744399999949394,464158,100,tensorflow-eager,2.2.0,1.19.0
674,0.0005667269999998226,464158,100,tensorflow-eager,2.2.0,1.19.0
675,0.0004776730000006779,464158,100,tensorflow-eager,2.2.0,1.19.0
676,0.0003633839999999111,464158,100,tensorflow-eager,2.2.0,1.19.0
677,0.0003461309999996942,464158,100,tensorflow-eager,2.2.0,1.19.0
678,0.0003792750000002343,464158,100,tensorflow-eager,2.2.0,1.19.0
679,0.0004122880000005935,464158,100,tensorflow-eager,2.2.0,1.19.0
680,0.0006686430000000243,464158,100,tensorflow-eager,2.2.0,1.19.0
681,0.0007123079999997728,464158,100,tensorflow-eager,2.2.0,1.19.0
682,0.00048585200000061946,464158,100,tensorflow-eager,2.2.0,1.19.0
683,0.0004196089999997099,464158,100,tensorflow-eager,2.2.0,1.19.0
684,0.0008063350000000469,464158,100,tensorflow-eager,2.2.0,1.19.0
685,0.0012510749999998794,464158,100,tensorflow-eager,2.2.0,1.19.0
686,0.001620190999999771,464158,100,tensorflow-eager,2.2.0,1.19.0
687,0.001524861000000044,464158,100,tensorflow-eager,2.2.0,1.19.0
688,0.001178631000000152,464158,100,tensorflow-eager,2.2.0,1.19.0
689,0.0008602159999995251,464158,100,tensorflow-eager,2.2.0,1.19.0
690,0.0003534050000002509,464158,100,tensorflow-eager,2.2.0,1.19.0
691,0.0004320629999998715,464158,100,tensorflow-eager,2.2.0,1.19.0
692,0.0004058809999998303,464158,100,tensorflow-eager,2.2.0,1.19.0
693,0.0004555989999994736,464158,100,tensorflow-eager,2.2.0,1.19.0
694,0.00036238200000049403,464158,100,tensorflow-eager,2.2.0,1.19.0
695,0.0003331369999992617,464158,100,tensorflow-eager,2.2.0,1.19.0
696,0.0006549290000004149,464158,100,tensorflow-eager,2.2.0,1.19.0
697,0.0007925410000000355,464158,100,tensorflow-eager,2.2.0,1.19.0
698,0.0003889749999999026,464158,100,tensorflow-eager,2.2.0,1.19.0
699,0.0003943949999998253,464158,100,tensorflow-eager,2.2.0,1.19.0
700,0.007795577000000442,1291549,100,tensorflow-eager,2.2.0,1.19.0
701,0.001844546000000058,1291549,100,tensorflow-eager,2.2.0,1.19.0
702,0.0019398430000006073,1291549,100,tensorflow-eager,2.2.0,1.19.0
703,0.0023656919999996973,1291549,100,tensorflow-eager,2.2.0,1.19.0
704,0.0020972019999998537,1291549,100,tensorflow-eager,2.2.0,1.19.0
705,0.001984581999999513,1291549,100,tensorflow-eager,2.2.0,1.19.0
706,0.0019429490000000271,1291549,100,tensorflow-eager,2.2.0,1.19.0
707,0.002046461000000832,1291549,100,tensorflow-eager,2.2.0,1.19.0
708,0.0018821479999999724,1291549,100,tensorflow-eager,2.2.0,1.19.0
709,0.0019353490000000306,1291549,100,tensorflow-eager,2.2.0,1.19.0
710,0.0019950959999999185,1291549,100,tensorflow-eager,2.2.0,1.19.0
711,0.0021380180000001303,1291549,100,tensorflow-eager,2.2.0,1.19.0
712,0.0021386690000007036,1291549,100,tensorflow-eager,2.2.0,1.19.0
713,0.0019490079999995302,1291549,100,tensorflow-eager,2.2.0,1.19.0
714,0.0018558060000000154,1291549,100,tensorflow-eager,2.2.0,1.19.0
715,0.0020166049999996716,1291549,100,tensorflow-eager,2.2.0,1.19.0
716,0.0018281749999999874,1291549,100,tensorflow-eager,2.2.0,1.19.0
717,0.001897765999999912,1291549,100,tensorflow-eager,2.2.0,1.19.0
718,0.0019762260000000254,1291549,100,tensorflow-eager,2.2.0,1.19.0
719,0.00175232900000033,1291549,100,tensorflow-eager,2.2.0,1.19.0
720,0.002036393000000025,1291549,100,tensorflow-eager,2.2.0,1.19.0
721,0.0018819460000001342,1291549,100,tensorflow-eager,2.2.0,1.19.0
722,0.0019662079999998028,1291549,100,tensorflow-eager,2.2.0,1.19.0
723,0.001910703000000069,1291549,100,tensorflow-eager,2.2.0,1.19.0
724,0.0024622500000006653,1291549,100,tensorflow-eager,2.2.0,1.19.0
725,0.0018188819999993555,1291549,100,tensorflow-eager,2.2.0,1.19.0
726,0.0017949490000006563,1291549,100,tensorflow-eager,2.2.0,1.19.0
727,0.001848418999999879,1291549,100,tensorflow-eager,2.2.0,1.19.0
728,0.001930627000000129,1291549,100,tensorflow-eager,2.2.0,1.19.0
729,0.0022207290000002544,1291549,100,tensorflow-eager,2.2.0,1.19.0
730,0.0018884180000000583,1291549,100,tensorflow-eager,2.2.0,1.19.0
731,0.0018671030000003697,1291549,100,tensorflow-eager,2.2.0,1.19.0
732,0.0017656079999994745,1291549,100,tensorflow-eager,2.2.0,1.19.0
733,0.0018233490000003627,1291549,100,tensorflow-eager,2.2.0,1.19.0
734,0.0018933719999996157,1291549,100,tensorflow-eager,2.2.0,1.19.0
735,0.0020226660000002283,1291549,100,tensorflow-eager,2.2.0,1.19.0
736,0.0019918169999995072,1291549,100,tensorflow-eager,2.2.0,1.19.0
737,0.0020161600000001556,1291549,100,tensorflow-eager,2.2.0,1.19.0
738,0.0019518119999997197,1291549,100,tensorflow-eager,2.2.0,1.19.0
739,0.0020658259999999373,1291549,100,tensorflow-eager,2.2.0,1.19.0
740,0.0018937750000000975,1291549,100,tensorflow-eager,2.2.0,1.19.0
741,0.001958981999999665,1291549,100,tensorflow-eager,2.2.0,1.19.0
742,0.002066142000000326,1291549,100,tensorflow-eager,2.2.0,1.19.0
743,0.0018724670000000998,1291549,100,tensorflow-eager,2.2.0,1.19.0
744,0.0019107489999994343,1291549,100,tensorflow-eager,2.2.0,1.19.0
745,0.0019811199999999474,1291549,100,tensorflow-eager,2.2.0,1.19.0
746,0.002771050999999858,1291549,100,tensorflow-eager,2.2.0,1.19.0
747,0.0020069120000005825,1291549,100,tensorflow-eager,2.2.0,1.19.0
748,0.0020266900000001087,1291549,100,tensorflow-eager,2.2.0,1.19.0
749,0.0016765069999999938,1291549,100,tensorflow-eager,2.2.0,1.19.0
750,0.0019571890000005254,1291549,100,tensorflow-eager,2.2.0,1.19.0
751,0.0019879469999999344,1291549,100,tensorflow-eager,2.2.0,1.19.0
752,0.0027973770000002673,1291549,100,tensorflow-eager,2.2.0,1.19.0
753,0.001774204000000168,1291549,100,tensorflow-eager,2.2.0,1.19.0
754,0.0019535599999995767,1291549,100,tensorflow-eager,2.2.0,1.19.0
755,0.0020609140000003023,1291549,100,tensorflow-eager,2.2.0,1.19.0
756,0.00197297700000032,1291549,100,tensorflow-eager,2.2.0,1.19.0
757,0.0022778909999994212,1291549,100,tensorflow-eager,2.2.0,1.19.0
758,0.0019692750000004366,1291549,100,tensorflow-eager,2.2.0,1.19.0
759,0.0021110350000004274,1291549,100,tensorflow-eager,2.2.0,1.19.0
760,0.0022368510000001507,1291549,100,tensorflow-eager,2.2.0,1.19.0
761,0.0025078059999996682,1291549,100,tensorflow-eager,2.2.0,1.19.0
762,0.002102866000000425,1291549,100,tensorflow-eager,2.2.0,1.19.0
763,0.0020530000000000825,1291549,100,tensorflow-eager,2.2.0,1.19.0
764,0.002129339000000563,1291549,100,tensorflow-eager,2.2.0,1.19.0
765,0.0018038329999994218,1291549,100,tensorflow-eager,2.2.0,1.19.0
766,0.0019741630000007504,1291549,100,tensorflow-eager,2.2.0,1.19.0
767,0.0020018290000001215,1291549,100,tensorflow-eager,2.2.0,1.19.0
768,0.002085168999999887,1291549,100,tensorflow-eager,2.2.0,1.19.0
769,0.0019442349999998498,1291549,100,tensorflow-eager,2.2.0,1.19.0
770,0.002031901999999697,1291549,100,tensorflow-eager,2.2.0,1.19.0
771,0.002332434000000383,1291549,100,tensorflow-eager,2.2.0,1.19.0
772,0.0019019199999998904,1291549,100,tensorflow-eager,2.2.0,1.19.0
773,0.002044936999999969,1291549,100,tensorflow-eager,2.2.0,1.19.0
774,0.0020771450000003355,1291549,100,tensorflow-eager,2.2.0,1.19.0
775,0.0020936689999997427,1291549,100,tensorflow-eager,2.2.0,1.19.0
776,0.0019467930000001132,1291549,100,tensorflow-eager,2.2.0,1.19.0
777,0.0021721709999997785,1291549,100,tensorflow-eager,2.2.0,1.19.0
778,0.0022468899999994463,1291549,100,tensorflow-eager,2.2.0,1.19.0
779,0.003407405000000807,1291549,100,tensorflow-eager,2.2.0,1.19.0
780,0.002024063999999548,1291549,100,tensorflow-eager,2.2.0,1.19.0
781,0.001970029999999845,1291549,100,tensorflow-eager,2.2.0,1.19.0
782,0.0019160019999997502,1291549,100,tensorflow-eager,2.2.0,1.19.0
783,0.0018726740000003517,1291549,100,tensorflow-eager,2.2.0,1.19.0
784,0.0022307979999993677,1291549,100,tensorflow-eager,2.2.0,1.19.0
785,0.0018496060000003922,1291549,100,tensorflow-eager,2.2.0,1.19.0
786,0.001798465000000249,1291549,100,tensorflow-eager,2.2.0,1.19.0
787,0.002001112999999499,1291549,100,tensorflow-eager,2.2.0,1.19.0
788,0.002068840000000627,1291549,100,tensorflow-eager,2.2.0,1.19.0
789,0.0023536939999999618,1291549,100,tensorflow-eager,2.2.0,1.19.0
790,0.0021287939999998784,1291549,100,tensorflow-eager,2.2.0,1.19.0
791,0.0020509209999994837,1291549,100,tensorflow-eager,2.2.0,1.19.0
792,0.001810832999999512,1291549,100,tensorflow-eager,2.2.0,1.19.0
793,0.0019151139999999955,1291549,100,tensorflow-eager,2.2.0,1.19.0
794,0.0019630230000000637,1291549,100,tensorflow-eager,2.2.0,1.19.0
795,0.002408025000000258,1291549,100,tensorflow-eager,2.2.0,1.19.0
796,0.0018327259999999512,1291549,100,tensorflow-eager,2.2.0,1.19.0
797,0.0018090819999994068,1291549,100,tensorflow-eager,2.2.0,1.19.0
798,0.0018038599999998794,1291549,100,tensorflow-eager,2.2.0,1.19.0
799,0.001765902999999902,1291549,100,tensorflow-eager,2.2.0,1.19.0
800,0.026883785999999965,3593813,100,tensorflow-eager,2.2.0,1.19.0
801,0.00564827700000059,3593813,100,tensorflow-eager,2.2.0,1.19.0
802,0.005770300000000006,3593813,100,tensorflow-eager,2.2.0,1.19.0
803,0.005713734999999609,3593813,100,tensorflow-eager,2.2.0,1.19.0
804,0.005233848000000485,3593813,100,tensorflow-eager,2.2.0,1.19.0
805,0.007194130000000243,3593813,100,tensorflow-eager,2.2.0,1.19.0
806,0.005352353000000143,3593813,100,tensorflow-eager,2.2.0,1.19.0
807,0.005390789999999868,3593813,100,tensorflow-eager,2.2.0,1.19.0
808,0.005017726000000167,3593813,100,tensorflow-eager,2.2.0,1.19.0
809,0.005646256999999544,3593813,100,tensorflow-eager,2.2.0,1.19.0
810,0.00531491599999967,3593813,100,tensorflow-eager,2.2.0,1.19.0
811,0.005234723000000052,3593813,100,tensorflow-eager,2.2.0,1.19.0
812,0.005512350000000055,3593813,100,tensorflow-eager,2.2.0,1.19.0
813,0.00515206100000043,3593813,100,tensorflow-eager,2.2.0,1.19.0
814,0.005145727000000377,3593813,100,tensorflow-eager,2.2.0,1.19.0
815,0.005273733000000114,3593813,100,tensorflow-eager,2.2.0,1.19.0
816,0.005371129000000252,3593813,100,tensorflow-eager,2.2.0,1.19.0
817,0.005080840999999836,3593813,100,tensorflow-eager,2.2.0,1.19.0
818,0.006395947000000568,3593813,100,tensorflow-eager,2.2.0,1.19.0
819,0.005805257999999647,3593813,100,tensorflow-eager,2.2.0,1.19.0
820,0.0049867759999999706,3593813,100,tensorflow-eager,2.2.0,1.19.0
821,0.00523845100000031,3593813,100,tensorflow-eager,2.2.0,1.19.0
822,0.005119324999999897,3593813,100,tensorflow-eager,2.2.0,1.19.0
823,0.005322674000000305,3593813,100,tensorflow-eager,2.2.0,1.19.0
824,0.0050573209999997815,3593813,100,tensorflow-eager,2.2.0,1.19.0
825,0.0053514239999996605,3593813,100,tensorflow-eager,2.2.0,1.19.0
826,0.005132768000000176,3593813,100,tensorflow-eager,2.2.0,1.19.0
827,0.005298406999999727,3593813,100,tensorflow-eager,2.2.0,1.19.0
828,0.005519367999999858,3593813,100,tensorflow-eager,2.2.0,1.19.0
829,0.005052258000000087,3593813,100,tensorflow-eager,2.2.0,1.19.0
830,0.0055002819999998565,3593813,100,tensorflow-eager,2.2.0,1.19.0
831,0.005674688000000039,3593813,100,tensorflow-eager,2.2.0,1.19.0
832,0.0057885970000004505,3593813,100,tensorflow-eager,2.2.0,1.19.0
833,0.005249474000000198,3593813,100,tensorflow-eager,2.2.0,1.19.0
834,0.005744058000000329,3593813,100,tensorflow-eager,2.2.0,1.19.0
835,0.005236799999999597,3593813,100,tensorflow-eager,2.2.0,1.19.0
836,0.005444998999999839,3593813,100,tensorflow-eager,2.2.0,1.19.0
837,0.00526125399999966,3593813,100,tensorflow-eager,2.2.0,1.19.0
838,0.005626195999999695,3593813,100,tensorflow-eager,2.2.0,1.19.0
839,0.005514713000000171,3593813,100,tensorflow-eager,2.2.0,1.19.0
840,0.005871357000000188,3593813,100,tensorflow-eager,2.2.0,1.19.0
841,0.005641605000000105,3593813,100,tensorflow-eager,2.2.0,1.19.0
842,0.005508906000000202,3593813,100,tensorflow-eager,2.2.0,1.19.0
843,0.005973885000000401,3593813,100,tensorflow-eager,2.2.0,1.19.0
844,0.005106768000000095,3593813,100,tensorflow-eager,2.2.0,1.19.0
845,0.005402441999999397,3593813,100,tensorflow-eager,2.2.0,1.19.0
846,0.005154822000000614,3593813,100,tensorflow-eager,2.2.0,1.19.0
847,0.005558833000000263,3593813,100,tensorflow-eager,2.2.0,1.19.0
848,0.005503765000000271,3593813,100,tensorflow-eager,2.2.0,1.19.0
849,0.005501865999999467,3593813,100,tensorflow-eager,2.2.0,1.19.0
850,0.005034336999999667,3593813,100,tensorflow-eager,2.2.0,1.19.0
851,0.005726982000000547,3593813,100,tensorflow-eager,2.2.0,1.19.0
852,0.005003982999999934,3593813,100,tensorflow-eager,2.2.0,1.19.0
853,0.00573197199999953,3593813,100,tensorflow-eager,2.2.0,1.19.0
854,0.005063866999999611,3593813,100,tensorflow-eager,2.2.0,1.19.0
855,0.013024918000000163,3593813,100,tensorflow-eager,2.2.0,1.19.0
856,0.0065414690000000775,3593813,100,tensorflow-eager,2.2.0,1.19.0
857,0.006462842999999552,3593813,100,tensorflow-eager,2.2.0,1.19.0
858,0.006495022999999378,3593813,100,tensorflow-eager,2.2.0,1.19.0
859,0.0055951890000001114,3593813,100,tensorflow-eager,2.2.0,1.19.0
860,0.005892878000000046,3593813,100,tensorflow-eager,2.2.0,1.19.0
861,0.00673164100000001,3593813,100,tensorflow-eager,2.2.0,1.19.0
862,0.006242029000000038,3593813,100,tensorflow-eager,2.2.0,1.19.0
863,0.007133066999999826,3593813,100,tensorflow-eager,2.2.0,1.19.0
864,0.005823653000000206,3593813,100,tensorflow-eager,2.2.0,1.19.0
865,0.005456168000000261,3593813,100,tensorflow-eager,2.2.0,1.19.0
866,0.005830685999999474,3593813,100,tensorflow-eager,2.2.0,1.19.0
867,0.005205389000000338,3593813,100,tensorflow-eager,2.2.0,1.19.0
868,0.005793611000000531,3593813,100,tensorflow-eager,2.2.0,1.19.0
869,0.005646386999999642,3593813,100,tensorflow-eager,2.2.0,1.19.0
870,0.005794188000000311,3593813,100,tensorflow-eager,2.2.0,1.19.0
871,0.005737445000000285,3593813,100,tensorflow-eager,2.2.0,1.19.0
872,0.006444310000000009,3593813,100,tensorflow-eager,2.2.0,1.19.0
873,0.005361956999999862,3593813,100,tensorflow-eager,2.2.0,1.19.0
874,0.005897186999999526,3593813,100,tensorflow-eager,2.2.0,1.19.0
875,0.005680295000000335,3593813,100,tensorflow-eager,2.2.0,1.19.0
876,0.0060343960000004415,3593813,100,tensorflow-eager,2.2.0,1.19.0
877,0.005232604000000585,3593813,100,tensorflow-eager,2.2.0,1.19.0
878,0.006170628000000455,3593813,100,tensorflow-eager,2.2.0,1.19.0
879,0.005280220999999585,3593813,100,tensorflow-eager,2.2.0,1.19.0
880,0.005971022999999853,3593813,100,tensorflow-eager,2.2.0,1.19.0
881,0.005314649999999865,3593813,100,tensorflow-eager,2.2.0,1.19.0
882,0.005791966999999509,3593813,100,tensorflow-eager,2.2.0,1.19.0
883,0.005293174999999373,3593813,100,tensorflow-eager,2.2.0,1.19.0
884,0.006041718000000529,3593813,100,tensorflow-eager,2.2.0,1.19.0
885,0.00582193899999961,3593813,100,tensorflow-eager,2.2.0,1.19.0
886,0.006470213000000058,3593813,100,tensorflow-eager,2.2.0,1.19.0
887,0.006528886999999983,3593813,100,tensorflow-eager,2.2.0,1.19.0
888,0.006391171999999834,3593813,100,tensorflow-eager,2.2.0,1.19.0
889,0.008480249000000661,3593813,100,tensorflow-eager,2.2.0,1.19.0
890,0.006145249000000241,3593813,100,tensorflow-eager,2.2.0,1.19.0
891,0.005931735999999965,3593813,100,tensorflow-eager,2.2.0,1.19.0
892,0.005407174000000126,3593813,100,tensorflow-eager,2.2.0,1.19.0
893,0.005255080999999606,3593813,100,tensorflow-eager,2.2.0,1.19.0
894,0.005239567000000278,3593813,100,tensorflow-eager,2.2.0,1.19.0
895,0.005130264000000828,3593813,100,tensorflow-eager,2.2.0,1.19.0
896,0.005627783000000441,3593813,100,tensorflow-eager,2.2.0,1.19.0
897,0.005255733000000262,3593813,100,tensorflow-eager,2.2.0,1.19.0
898,0.0054733239999995575,3593813,100,tensorflow-eager,2.2.0,1.19.0
899,0.005315092000000021,3593813,100,tensorflow-eager,2.2.0,1.19.0
900,0.06365179600000026,10000000,100,tensorflow-eager,2.2.0,1.19.0
901,0.01887116099999986,10000000,100,tensorflow-eager,2.2.0,1.19.0
902,0.024625490000000028,10000000,100,tensorflow-eager,2.2.0,1.19.0
903,0.019627500000000353,10000000,100,tensorflow-eager,2.2.0,1.19.0
904,0.018174273000000518,10000000,100,tensorflow-eager,2.2.0,1.19.0
905,0.017899271000000105,10000000,100,tensorflow-eager,2.2.0,1.19.0
906,0.01698978699999998,10000000,100,tensorflow-eager,2.2.0,1.19.0
907,0.019077846000000065,10000000,100,tensorflow-eager,2.2.0,1.19.0
908,0.02181483499999981,10000000,100,tensorflow-eager,2.2.0,1.19.0
909,0.017060189000000392,10000000,100,tensorflow-eager,2.2.0,1.19.0
910,0.01649142800000014,10000000,100,tensorflow-eager,2.2.0,1.19.0
911,0.01656190699999982,10000000,100,tensorflow-eager,2.2.0,1.19.0
912,0.016754338000000146,10000000,100,tensorflow-eager,2.2.0,1.19.0
913,0.016852488999999693,10000000,100,tensorflow-eager,2.2.0,1.19.0
914,0.016178968999999377,10000000,100,tensorflow-eager,2.2.0,1.19.0
915,0.017426033999999646,10000000,100,tensorflow-eager,2.2.0,1.19.0
916,0.017836658000000227,10000000,100,tensorflow-eager,2.2.0,1.19.0
917,0.018542249000000233,10000000,100,tensorflow-eager,2.2.0,1.19.0
918,0.017338918000000092,10000000,100,tensorflow-eager,2.2.0,1.19.0
919,0.018010732000000473,10000000,100,tensorflow-eager,2.2.0,1.19.0
920,0.018987113000000555,10000000,100,tensorflow-eager,2.2.0,1.19.0
921,0.017798970999999497,10000000,100,tensorflow-eager,2.2.0,1.19.0
922,0.015966825000000462,10000000,100,tensorflow-eager,2.2.0,1.19.0
923,0.017825810999999803,10000000,100,tensorflow-eager,2.2.0,1.19.0
924,0.01730993799999947,10000000,100,tensorflow-eager,2.2.0,1.19.0
925,0.016730044,10000000,100,tensorflow-eager,2.2.0,1.19.0
926,0.016673850999999296,10000000,100,tensorflow-eager,2.2.0,1.19.0
927,0.01720335400000028,10000000,100,tensorflow-eager,2.2.0,1.19.0
928,0.018565558000000593,10000000,100,tensorflow-eager,2.2.0,1.19.0
929,0.01691584699999993,10000000,100,tensorflow-eager,2.2.0,1.19.0
930,0.016550135000000132,10000000,100,tensorflow-eager,2.2.0,1.19.0
931,0.01660727700000031,10000000,100,tensorflow-eager,2.2.0,1.19.0
932,0.01643973500000051,10000000,100,tensorflow-eager,2.2.0,1.19.0
933,0.016751517000000327,10000000,100,tensorflow-eager,2.2.0,1.19.0
934,0.017764974999999517,10000000,100,tensorflow-eager,2.2.0,1.19.0
935,0.02117788400000009,10000000,100,tensorflow-eager,2.2.0,1.19.0
936,0.017644808000000012,10000000,100,tensorflow-eager,2.2.0,1.19.0
937,0.017581307999999574,10000000,100,tensorflow-eager,2.2.0,1.19.0
938,0.025693262999999966,10000000,100,tensorflow-eager,2.2.0,1.19.0
939,0.01697135900000024,10000000,100,tensorflow-eager,2.2.0,1.19.0
940,0.016776425999999844,10000000,100,tensorflow-eager,2.2.0,1.19.0
941,0.015913824000000076,10000000,100,tensorflow-eager,2.2.0,1.19.0
942,0.015791128000000043,10000000,100,tensorflow-eager,2.2.0,1.19.0
943,0.015077889999999705,10000000,100,tensorflow-eager,2.2.0,1.19.0
944,0.01598301300000049,10000000,100,tensorflow-eager,2.2.0,1.19.0
945,0.016890012000000176,10000000,100,tensorflow-eager,2.2.0,1.19.0
946,0.015333006000000537,10000000,100,tensorflow-eager,2.2.0,1.19.0
947,0.01753091999999956,10000000,100,tensorflow-eager,2.2.0,1.19.0
948,0.0152989830000001,10000000,100,tensorflow-eager,2.2.0,1.19.0
949,0.01577630000000063,10000000,100,tensorflow-eager,2.2.0,1.19.0
950,0.014837744999999458,10000000,100,tensorflow-eager,2.2.0,1.19.0
951,0.017371611999999814,10000000,100,tensorflow-eager,2.2.0,1.19.0
952,0.016432833000000535,10000000,100,tensorflow-eager,2.2.0,1.19.0
953,0.016084099000000407,10000000,100,tensorflow-eager,2.2.0,1.19.0
954,0.017276664999999802,10000000,100,tensorflow-eager,2.2.0,1.19.0
955,0.018877239000000046,10000000,100,tensorflow-eager,2.2.0,1.19.0
956,0.018904280000000107,10000000,100,tensorflow-eager,2.2.0,1.19.0
957,0.016767495999999937,10000000,100,tensorflow-eager,2.2.0,1.19.0
958,0.01663150700000049,10000000,100,tensorflow-eager,2.2.0,1.19.0
959,0.019812156000000414,10000000,100,tensorflow-eager,2.2.0,1.19.0
960,0.01757167200000076,10000000,100,tensorflow-eager,2.2.0,1.19.0
961,0.01892778499999892,10000000,100,tensorflow-eager,2.2.0,1.19.0
962,0.019883987000000047,10000000,100,tensorflow-eager,2.2.0,1.19.0
963,0.019106746000000285,10000000,100,tensorflow-eager,2.2.0,1.19.0
964,0.01775497000000037,10000000,100,tensorflow-eager,2.2.0,1.19.0
965,0.017390374999999736,10000000,100,tensorflow-eager,2.2.0,1.19.0
966,0.019611424999999016,10000000,100,tensorflow-eager,2.2.0,1.19.0
967,0.017230567000000363,10000000,100,tensorflow-eager,2.2.0,1.19.0
968,0.0188142409999994,10000000,100,tensorflow-eager,2.2.0,1.19.0
969,0.017439386999999584,10000000,100,tensorflow-eager,2.2.0,1.19.0
970,0.01949383200000021,10000000,100,tensorflow-eager,2.2.0,1.19.0
971,0.020028502000000614,10000000,100,tensorflow-eager,2.2.0,1.19.0
972,0.016638451000000387,10000000,100,tensorflow-eager,2.2.0,1.19.0
973,0.017290782999999976,10000000,100,tensorflow-eager,2.2.0,1.19.0
974,0.01881841400000006,10000000,100,tensorflow-eager,2.2.0,1.19.0
975,0.0181015500000008,10000000,100,tensorflow-eager,2.2.0,1.19.0
976,0.017483476000000664,10000000,100,tensorflow-eager,2.2.0,1.19.0
977,0.017747449999999887,10000000,100,tensorflow-eager,2.2.0,1.19.0
978,0.022075955000000036,10000000,100,tensorflow-eager,2.2.0,1.19.0
979,0.018762926000000846,10000000,100,tensorflow-eager,2.2.0,1.19.0
980,0.01770126999999988,10000000,100,tensorflow-eager,2.2.0,1.19.0
981,0.0196941190000004,10000000,100,tensorflow-eager,2.2.0,1.19.0
982,0.016778434999999092,10000000,100,tensorflow-eager,2.2.0,1.19.0
983,0.017126114999999942,10000000,100,tensorflow-eager,2.2.0,1.19.0
984,0.017702318999999633,10000000,100,tensorflow-eager,2.2.0,1.19.0
985,0.01859368700000097,10000000,100,tensorflow-eager,2.2.0,1.19.0
986,0.01810050099999927,10000000,100,tensorflow-eager,2.2.0,1.19.0
987,0.017965026999998912,10000000,100,tensorflow-eager,2.2.0,1.19.0
988,0.017209878000000955,10000000,100,tensorflow-eager,2.2.0,1.19.0
989,0.02040197300000024,10000000,100,tensorflow-eager,2.2.0,1.19.0
990,0.01907359999999869,10000000,100,tensorflow-eager,2.2.0,1.19.0
991,0.0175724069999994,10000000,100,tensorflow-eager,2.2.0,1.19.0
992,0.01791460099999931,10000000,100,tensorflow-eager,2.2.0,1.19.0
993,0.017637781999999547,10000000,100,tensorflow-eager,2.2.0,1.19.0
994,0.017011817000000207,10000000,100,tensorflow-eager,2.2.0,1.19.0
995,0.01783602400000106,10000000,100,tensorflow-eager,2.2.0,1.19.0
996,0.01809156699999903,10000000,100,tensorflow-eager,2.2.0,1.19.0
997,0.01938697499999975,10000000,100,tensorflow-eager,2.2.0,1.19.0
998,0.018777298999999914,10000000,100,tensorflow-eager,2.2.0,1.19.0
999,0.01743849899999894,10000000,100,tensorflow-eager,2.2.0,1.19.0
